Id,Label,stop name,line,borough,complex id,constituent station name,station id,gtfs stop id,daytime routes,entrance latitude,entrance longitude,Degree,Weighted Degree,componentnumber,Eccentricity,closnesscentrality,harmonicclosnesscentrality,betweenesscentrality,Authority,Hub,modularity_class,stat_inf_class,clustering,triangles,eigencentrality
1,Union St,Union St,4th Av,B,28,Union St,28,R32,R,40.677154,-73.98343,4,4,0,39,0.065119,0.103608,14355.430914,0.323365,0.349685,14,5,0,0,0.621232
3,Prospect Av,Prospect Av,4th Av,B,30,Prospect Av,30,R34,R,40.665279,-73.993254,4,4,1,41,0.060018,0.091984,10558.424477,0.324863,0.351525,14,5,0,0,0.575753
4,25 St,25 St,4th Av,B,31,25 St,31,R35,R,40.660501,-73.998224,4,4,2,42,0.057134,0.086158,10230.424477,0.193859,0.17913,14,5,0,0,0.348316
5,36 St,36 St,4th Av,B,32,36 St,32,R36,D N R,40.65449,-74.004499,4,4,3,43,0.054515,0.083467,9920.424477,0.086612,0.093745,14,5,0,0,0.202001
6,45 St,45 St,4th Av,B,33,45 St,33,R39,R,40.649433,-74.009733,2,2,4,44,0.051938,0.077246,2875.937984,0.021481,0.019845,8,5,0,0,0.068354
7,53 St,53 St,4th Av,B,34,53 St,34,R40,R,40.644667,-74.014688,2,2,5,45,0.049713,0.07406,2538.953488,0.004559,0.004936,8,5,0,0,0.041261
8,59 St,59 St,4th Av,B,35,59 St,35,R41,N R,40.64069,-74.018864,3,3,6,46,0.047683,0.073271,2300,0.001194,0.001103,8,5,0,0,0.046495
9,Bay Ridge Av,Bay Ridge Av,4th Av,B,36,Bay Ridge Av,36,R42,R,40.634827,-74.02358,2,2,7,47,0.04555,0.066918,1161,0.000253,0.000274,8,5,0,0,0.032384
10,77 St,77 St,4th Av,B,37,77 St,37,R43,R,40.629518,-74.025749,2,2,8,48,0.04359,0.062182,776,0.000063,0.000058,8,5,0,0,0.025545
11,86 St,86 St,4th Av,B,38,86 St,38,R44,R,40.622653,-74.028556,2,2,9,49,0.041783,0.057841,389,0.000013,0.000014,8,5,0,0,0.019651
12,Bay Ridge-95 St,Bay Ridge-95 St,4th Av,B,39,Bay Ridge-95 St,39,R45,R,40.616021,-74.031383,1,1,10,50,0.040111,0.052731,0,0.000003,0.000003,8,5,0,0,0.010917
15,Lexington Av/63 St,Lexington Av/63 St,63rd St,M,223,Lexington Av/63 St,223,B08,F Q,40.764968,-73.966679,2,2,13,35,0.06441,0.090302,1161,0.000001,0.000001,44,5,0,0,0.034535
17,47-50 Sts-Rockefeller Ctr,47-50 Sts-Rockefeller Ctr,6th Av - Culver,M,225,47-50 Sts-Rockefeller Ctr,225,D15,B D F M,40.758025,-73.98211,3,3,15,34,0.072102,0.110697,4545.23854,0.000004,0.000004,9,5,0,0,0.1008
20,23 St,23 St,6th Av - Culver,M,228,23 St,228,D18,F M,40.742988,-73.993233,2,2,15,33,0.074371,0.115332,7770.728788,0.000168,0.000167,9,5,0,0,0.110686
23,Grand St,Grand St,6th Av - Culver,M,231,Grand St,231,D22,B D,40.718369,-73.993882,2,2,15,36,0.07245,0.117063,19971.305961,0.013916,0.013084,11,5,0,0,0.147777
24,2 Av,2 Av,6th Av - Culver,M,232,2 Av,232,F14,F,40.723682,-73.991668,2,2,15,36,0.070601,0.10803,0,0.00163,0.001596,11,5,1,1,0.111886
26,East Broadway,East Broadway,6th Av - Culver,M,234,East Broadway,234,F16,F,40.714237,-73.990354,2,2,15,37,0.067697,0.101574,2973.838689,0.002016,0.001953,14,5,0,0,0.063906
27,York St,York St,6th Av - Culver,B,235,York St,235,F18,F,40.70138,-73.986655,2,2,15,38,0.065239,0.096367,2756.838689,0.00691,0.007219,14,5,0,0,0.063212
28,Bergen St,Bergen St,6th Av - Culver,B,236,Bergen St,236,F20,F G,40.685586,-73.991461,4,4,15,40,0.062122,0.09402,3760.81297,0.09228,0.099254,14,5,0.333333,1,0.255137
29,Carroll St,Carroll St,6th Av - Culver,B,237,Carroll St,237,F21,F G,40.67927,-73.995777,4,4,15,41,0.060437,0.090607,3587.319803,0.196818,0.182175,14,5,0,0,0.376068
30,Smith-9 Sts,Smith-9 Sts,6th Av - Culver,B,238,Smith-9 Sts,238,F22,F G,40.674615,-73.997288,4,4,15,41,0.060729,0.09298,3618.764248,0.326188,0.352813,14,5,0,0,0.58626
499,42 St-Bryant Pk/5 Av,42 St-Bryant Pk/5 Av,6th Av - Culver,M,609,42 St-Bryant Pk,226,D16,7 B D F M,40.753714,-73.985193,4,4,15,33,0.073836,0.119936,6835.007576,0.000017,0.000017,9,5,0,0,0.169366
32,7 Av,7 Av,6th Av - Culver,B,240,7 Av,240,F24,F G,40.666789,-73.981836,4,4,16,41,0.059724,0.090515,5022.757811,0.328426,0.355383,14,5,0,0,0.582521
33,15 St-Prospect Park,15 St-Prospect Park,6th Av - Culver,B,241,15 St-Prospect Park,241,F25,F G,40.659453,-73.979959,4,4,17,42,0.05662,0.082914,4664.202255,0.202722,0.187315,14,5,0,0,0.367425
34,Fort Hamilton Pkwy,Fort Hamilton Pkwy,6th Av - Culver,B,242,Fort Hamilton Pkwy,242,F26,F G,40.651851,-73.976085,4,4,18,43,0.053838,0.077204,4307.343669,0.101851,0.110244,14,5,0,0,0.242997
35,Church Av,Church Av,6th Av - Culver,B,243,Church Av,243,F27,F G,40.644923,-73.980018,3,3,19,44,0.051329,0.072656,3952.381724,0.050517,0.046666,14,5,0,0,0.139391
36,Ditmas Av,Ditmas Av,6th Av - Culver,B,244,Ditmas Av,244,F29,F,40.637134,-73.978499,2,2,20,45,0.049057,0.068916,3599.397228,0.01069,0.011573,3,5,0,0,0.052126
37,18 Av,18 Av,6th Av - Culver,B,245,18 Av,245,F30,F,40.630531,-73.977251,2,2,21,46,0.046988,0.065776,3248.412732,0.002652,0.002449,3,5,0,0,0.030949
38,Avenue I,Avenue I,6th Av - Culver,B,246,Avenue I,246,F31,F,40.626177,-73.976411,2,2,22,47,0.045097,0.063106,2899.428236,0.000561,0.000607,3,5,0,0,0.026335
39,Bay Pkwy,Bay Pkwy,6th Av - Culver,B,247,Bay Pkwy,247,F32,F,40.620797,-73.975479,2,2,23,48,0.043362,0.060817,2552.44374,0.000139,0.000129,3,5,0,0,0.025474
40,Avenue N,Avenue N,6th Av - Culver,B,248,Avenue N,248,F33,F,40.616156,-73.974513,2,2,24,49,0.041765,0.05885,2207.459244,0.000029,0.000032,3,5,0,0,0.025338
41,Avenue P,Avenue P,6th Av - Culver,B,249,Avenue P,249,F34,F,40.608615,-73.973097,2,2,25,50,0.040289,0.057165,1864.505755,0.000007,0.000007,3,5,0,0,0.025322
42,Kings Hwy,Kings Hwy,6th Av - Culver,B,250,Kings Hwy,250,F35,F,40.602197,-73.97264,2,2,26,51,0.038953,0.055799,1527.552267,0.000002,0.000002,3,5,0,0,0.02533
43,Avenue U,Avenue U,6th Av - Culver,B,251,Avenue U,251,F36,F,40.595056,-73.973634,2,2,27,52,0.03771,0.054689,1196.567771,0,0,3,5,0,0,0.025402
44,Avenue X,Avenue X,6th Av - Culver,B,252,Avenue X,252,F38,F,40.590532,-73.97427,2,2,28,53,0.036551,0.053852,867.575523,0,0,3,5,0,0,0.025787
45,Neptune Av,Neptune Av,6th Av - Culver,B,253,Neptune Av,253,F39,F,40.580919,-73.974677,2,2,29,54,0.035461,0.053338,539.575523,0,0,8,5,0,0,0.027391
46,Inwood-207 St,Inwood-207 St,8th Av - Fulton St,M,143,Inwood-207 St,143,A02,A,40.867835,-73.921445,1,2,15,53,0.035205,0.04678,0,0,0,4,28,0,0,0.010858
47,Dyckman St,Dyckman St,8th Av - Fulton St,M,144,Dyckman St,144,A03,A,40.865367,-73.928077,2,3,15,52,0.036486,0.051289,389,0,0,4,28,0,0,0.019347
48,190 St,190 St,8th Av - Fulton St,M,145,190 St,145,A05,A,40.858902,-73.934222,2,2,15,51,0.037857,0.054901,776,0,0,4,28,0,0,0.024382
49,181 St,181 St,8th Av - Fulton St,M,146,181 St,146,A06,A,40.850885,-73.938534,2,2,15,50,0.039326,0.05868,1161,0,0,4,28,0,0,0.029246
50,175 St,175 St,8th Av - Fulton St,M,147,175 St,147,A07,A,40.846379,-73.940296,2,2,15,49,0.040906,0.063324,1544,0,0,4,28,0,0,0.040792
52,163 St-Amsterdam Av,163 St-Amsterdam Av,8th Av - Fulton St,M,149,163 St-Amsterdam Av,149,A10,C,40.835192,-73.940146,2,2,15,47,0.043575,0.06821,5415.608166,0,0,4,28,0,0,0.052487
53,155 St,155 St,8th Av - Fulton St,M,150,155 St,150,A11,C,40.830875,-73.941653,2,2,15,46,0.044597,0.069249,5622.600368,0,0,4,28,0,0,0.082398
54,135 St,135 St,8th Av - Fulton St,M,152,135 St,152,A14,C B,40.817137,-73.948229,4,4,15,44,0.046712,0.06967,8022.495196,0,0,12,4,0,0,0.266149
55,125 St,125 St,8th Av - Fulton St,M,153,125 St,153,A15,A C B D,40.810653,-73.952884,4,4,15,43,0.047806,0.068522,8275.823748,0,0,12,4,0,0,0.276808
56,116 St,116 St,8th Av - Fulton St,M,154,116 St,154,A16,C B,40.80433,-73.955638,4,4,15,42,0.049739,0.069265,8592.056693,0,0,12,4,0,0,0.277506
57,Cathedral Pkwy (110 St),Cathedral Pkwy (110 St),8th Av - Fulton St,M,155,Cathedral Pkwy (110 St),155,A17,C B,40.800014,-73.958885,4,4,15,41,0.051834,0.070853,8909.612248,0,0,12,4,0,0,0.276042
58,103 St,103 St,8th Av - Fulton St,M,156,103 St,156,A18,C B,40.796298,-73.961671,4,4,15,40,0.054114,0.073164,9226.612248,0,0,12,4,0,0,0.273591
59,96 St,96 St,8th Av - Fulton St,M,157,96 St,157,A19,C B,40.791638,-73.96494,4,4,15,39,0.056604,0.076225,9543.056693,0,0,12,4,0,0,0.267683
60,86 St,86 St,8th Av - Fulton St,M,158,86 St,158,A20,C B,40.785297,-73.969672,4,4,15,38,0.059334,0.080185,9859.198107,0,0,12,4,0,0,0.252941
61,81 St-Museum of Natural History,81 St-Museum of Natural History,8th Av - Fulton St,M,159,81 St-Museum of Natural History,159,A21,C B,40.780345,-73.973189,4,4,15,37,0.06234,0.085377,10175.236162,0,0,12,4,0,0,0.221374
62,72 St,72 St,8th Av - Fulton St,M,160,72 St,160,A22,C B,40.774949,-73.977182,3,3,15,36,0.065668,0.092582,10491.245863,0.000001,0.000001,12,4,0,0,0.164449
64,50 St,50 St,8th Av - Fulton St,M,162,50 St,162,A25,C E,40.761761,-73.986979,2,2,15,34,0.07078,0.10404,8060.302273,0.000003,0.000003,9,5,0,0,0.102332
66,34 St-Penn Station,34 St-Penn Station,8th Av - Fulton St,M,164,34 St-Penn Station,164,A28,A C E,40.75175,-73.994275,2,2,15,32,0.073432,0.107802,15210.638384,0.000028,0.000029,9,5,0,0,0.076687
67,23 St,23 St,8th Av - Fulton St,M,165,23 St,165,A30,C E,40.745265,-73.998754,2,2,15,32,0.07371,0.10771,15234.138384,0.000118,0.000116,9,5,0,0,0.067546
69,Spring St,Spring St,8th Av - Fulton St,M,168,Spring St,168,A33,C E,40.725631,-74.004377,2,2,15,35,0.070081,0.103507,389,0.00034,0.000349,9,5,0,0,0.066406
70,Canal St,Canal St,8th Av - Fulton St,M,169,Canal St,169,A34,A C E,40.721656,-74.005665,1,1,15,36,0.065502,0.089812,0,0.000076,0.000074,9,5,0,0,0.021094
73,High St,High St,8th Av - Fulton St,B,173,High St,173,A40,A C,40.699405,-73.991413,1,1,15,40,0.059871,0.083238,0,0.006485,0.00678,14,5,0,0,0.042031
74,Jay St-MetroTech,Jay St-MetroTech,8th Av - Fulton St,B,636,Jay St-MetroTech,174,A41,A C F R,40.692474,-73.987586,4,4,15,39,0.063673,0.097015,2748.778083,0.031149,0.029794,14,5,0.166667,1,0.142581
75,Hoyt-Schermerhorn Sts,Hoyt-Schermerhorn Sts,8th Av - Fulton St,B,175,Hoyt-Schermerhorn Sts,175,A42,A C G,40.689031,-73.985859,4,4,15,40,0.062072,0.094924,5473.519604,0.031203,0.029843,14,5,0.166667,1,0.146099
76,Lafayette Av,Lafayette Av,8th Av - Fulton St,B,176,Lafayette Av,176,A43,C,40.686553,-73.974606,2,2,15,41,0.05928,0.085654,4194.886364,0.006836,0.007148,10,5,0,0,0.057393
77,Clinton-Washington Avs,Clinton-Washington Avs,8th Av - Fulton St,B,177,Clinton-Washington Avs,177,A44,C,40.683675,-73.96706,2,2,15,42,0.056744,0.080031,3900.886364,0.001638,0.001566,10,5,0,0,0.032779
79,Nostrand Av,Nostrand Av,8th Av - Fulton St,B,179,Nostrand Av,179,A46,A C,40.680577,-73.949735,2,2,15,44,0.052314,0.073127,3318.886364,0.000086,0.000082,10,5,0,0,0.025592
80,Kingston-Throop Avs,Kingston-Throop Avs,8th Av - Fulton St,B,180,Kingston-Throop Avs,180,A47,C,40.679685,-73.94135,2,2,15,45,0.050368,0.071075,3030.886364,0.000019,0.00002,10,5,0,0,0.025611
81,Utica Av,Utica Av,8th Av - Fulton St,B,181,Utica Av,181,A48,A C,40.679558,-73.932104,2,2,15,46,0.048574,0.069852,2762.136364,0.000005,0.000004,10,5,0,0,0.026805
82,Ralph Av,Ralph Av,8th Av - Fulton St,B,182,Ralph Av,182,A49,C,40.679164,-73.92187,2,2,15,47,0.047596,0.070156,2580.219697,0.000001,0.000001,10,5,0,0,0.032076
83,Rockaway Av,Rockaway Av,8th Av - Fulton St,B,183,Rockaway Av,183,A50,C,40.678609,-73.91374,2,2,15,47,0.04787,0.073114,2626.083333,0,0,10,5,0,0,0.049681
84,Broadway Junction,Broadway Junction,8th Av - Fulton St,B,621,Broadway Junction,184,A51,A C J Z L,40.678353,-73.903933,5,5,15,46,0.049267,0.081227,12399.030303,0,0,10,5,0,0,0.0958
85,Liberty Av,Liberty Av,8th Av - Fulton St,B,185,Liberty Av,185,A52,C,40.67445,-73.896778,2,2,15,47,0.047233,0.07245,8784,0,0,10,5,0,0,0.049681
86,Van Siclen Av,Van Siclen Av,8th Av - Fulton St,B,186,Van Siclen Av,186,A53,C,40.672785,-73.890591,2,2,15,48,0.045349,0.067686,8441,0,0,10,5,0,0,0.032079
87,Shepherd Av,Shepherd Av,8th Av - Fulton St,B,187,Shepherd Av,187,A54,C,40.674244,-73.880929,2,2,15,49,0.0436,0.064367,8096,0,0,10,5,0,0,0.026828
88,Euclid Av,Euclid Av,8th Av - Fulton St,B,188,Euclid Av,188,A55,A C,40.675284,-73.872114,2,2,15,50,0.041972,0.061867,7749,0,0,10,5,0,0,0.025764
89,W 4 St-Wash Sq,W 4 St-Wash Sq,8th Av - Fulton St; 6th Av - Culver,M,167,W 4 St-Wash Sq,167,A32; D20,A C E B D F M,40.731097,-74.001599,4,4,15,34,0.075319,0.122626,22866.920826,0.001529,0.001487,9,5,0.166667,1,0.204259
90,145 St,145 St,8th Av - Fulton St; Concourse,M,151,145 St,151,A12; D13,A C B D,40.82393,-73.945024,5,5,15,45,0.045678,0.074078,8741.053585,0,0,12,4,0,0,0.228987
91,Astoria-Ditmars Blvd,Astoria-Ditmars Blvd,Astoria,Q,1,Astoria-Ditmars Blvd,1,R01,N W,40.774937,-73.912345,1,1,30,40,0.048989,0.06119,0,0,0,44,5,0,0,0.010837
92,Astoria Blvd,Astoria Blvd,Astoria,Q,2,Astoria Blvd,2,R03,N W,40.770331,-73.917973,2,2,31,39,0.051506,0.067219,389,0,0,44,5,0,0,0.019204
93,30 Av,30 Av,Astoria,Q,3,30 Av,3,R04,N W,40.766787,-73.921629,2,2,32,38,0.05428,0.072618,776,0,0,44,5,0,0,0.023619
94,Broadway,Broadway,Astoria,Q,4,Broadway,4,R05,N W,40.761893,-73.925617,2,2,33,37,0.057353,0.078491,1161,0,0,44,5,0,0,0.026099
95,36 Av,36 Av,Astoria,Q,5,36 Av,5,R06,N W,40.756508,-73.929978,2,2,34,36,0.060776,0.085488,1544,0,0,44,5,0,0,0.031191
96,39 Av-Dutch Kills,39 Av-Dutch Kills,Astoria,Q,6,39 Av-Dutch Kills,6,R08,N W,40.752516,-73.932926,2,2,35,35,0.064612,0.094596,1925,0,0,44,5,0,0,0.048906
98,5 Av/59 St,5 Av/59 St,Astoria,M,8,5 Av/59 St,8,R13,N R W,40.765197,-73.974715,2,2,36,35,0.067909,0.100269,2455.85,0.000001,0.000001,44,5,0,0,0.056855
100,City Hall,City Hall,Broadway,M,20,City Hall,20,R24,R W,40.713124,-74.007041,2,2,37,38,0.066035,0.103534,984.552568,0.003764,0.003986,11,5,0,0,0.092593
102,Rector St,Rector St,Broadway,M,22,Rector St,22,R26,R W,40.706343,-74.014018,2,2,38,40,0.059533,0.090699,15.466667,0.002305,0.002308,11,5,0,0,0.073853
492,14 St/6 Av,14 St/6 Av,6th Av - Culver,M,601,14 St,229,D19,1 2 3 L F M,40.73742,-73.997197,6,6,15,34,0.07477,0.125926,9606.255169,0.000714,0.000716,9,5,0.066667,1,0.248997
106,Van Cortlandt Park-242 St,Van Cortlandt Park-242 St,Broadway - 7Av,Bx,293,Van Cortlandt Park-242 St,293,101,1,40.889783,-73.898432,1,1,15,57,0.030997,0.040556,0,0,0,4,28,0,0,0.010834
107,238 St,238 St,Broadway - 7Av,Bx,294,238 St,294,103,1,40.884813,-73.900923,2,2,15,56,0.031986,0.044247,389,0,0,4,28,0,0,0.019175
108,231 St,231 St,Broadway - 7Av,Bx,295,231 St,295,104,1,40.878775,-73.905024,2,2,15,55,0.033034,0.046782,776,0,0,4,28,0,0,0.023413
109,Marble Hill-225 St,Marble Hill-225 St,Broadway - 7Av,M,296,Marble Hill-225 St,296,106,1,40.874466,-73.910563,2,2,15,54,0.034148,0.049046,1161,0,0,4,28,0,0,0.024876
110,215 St,215 St,Broadway - 7Av,M,297,215 St,297,107,1,40.869428,-73.915454,2,2,15,53,0.035332,0.051295,1544,0,0,4,28,0,0,0.025262
111,207 St,207 St,Broadway - 7Av,M,298,207 St,298,108,1,40.864282,-73.919229,2,2,15,52,0.036596,0.053679,1925,0,0,4,28,0,0,0.025478
112,Dyckman St,Dyckman St,Broadway - 7Av,M,299,Dyckman St,299,109,1,40.861139,-73.925132,2,2,15,51,0.037945,0.056349,2304,0,0,4,28,0,0,0.026286
113,191 St,191 St,Broadway - 7Av,M,300,191 St,300,110,1,40.856413,-73.932605,2,2,15,50,0.03939,0.059532,2681,0,0,4,28,0,0,0.02969
114,181 St,181 St,Broadway - 7Av,M,301,181 St,301,111,1,40.849105,-73.933752,2,2,15,49,0.040941,0.063723,3056,0,0,4,28,0,0,0.040871
496,Court Sq-23 St,Court Sq-23 St,Crosstown,Q,606,Court Sq,281,G22,7 E M G,40.746262,-73.944859,5,5,15,32,0.069235,0.112095,15716.705556,0.000001,0.000001,9,5,0,0,0.131889
116,157 St,157 St,Broadway - 7Av,M,303,157 St,303,113,1,40.834285,-73.94519,2,2,15,47,0.044138,0.067256,2216.754137,0,0,4,28,0,0,0.040871
117,145 St,145 St,Broadway - 7Av,M,304,145 St,304,114,1,40.82667,-73.950523,2,2,15,46,0.04578,0.066696,2532.763838,0,0,4,28,0,0,0.029692
118,137 St-City College,137 St-City College,Broadway - 7Av,M,305,137 St-City College,305,115,1,40.821361,-73.954414,2,2,15,45,0.047549,0.067316,2848.801893,0,0,4,28,0,0,0.026299
119,125 St,125 St,Broadway - 7Av,M,306,125 St,306,116,1,40.815334,-73.958826,2,2,15,44,0.049461,0.068715,3164.943307,0,0,4,28,0,0,0.025573
120,116 St-Columbia University,116 St-Columbia University,Broadway - 7Av,M,307,116 St-Columbia University,307,117,1,40.807556,-73.964013,2,2,15,43,0.051533,0.070794,3481.387752,0,0,4,28,0,0,0.025812
121,Cathedral Pkwy (110 St),Cathedral Pkwy (110 St),Broadway - 7Av,M,308,Cathedral Pkwy (110 St),308,118,1,40.804406,-73.966777,2,2,15,42,0.053786,0.073607,3798.387752,0,0,4,28,0,0,0.027396
122,103 St,103 St,Broadway - 7Av,M,309,103 St,309,119,1,40.799294,-73.968683,2,2,15,41,0.056245,0.077403,4115.943307,0,0,4,28,0,0,0.03242
123,96 St,96 St,Broadway - 7Av,M,310,96 St,310,120,1 2 3,40.793077,-73.973179,3,3,15,40,0.058939,0.083131,11889.807254,0,0,5,28,0,0,0.044108
124,86 St,86 St,Broadway - 7Av,M,311,86 St,311,121,1,40.788379,-73.976896,2,2,15,39,0.060615,0.082604,9696.581282,0,0,5,28,0,0,0.032712
125,79 St,79 St,Broadway - 7Av,M,312,79 St,312,122,1,40.783762,-73.980291,2,2,15,38,0.06241,0.084325,9892.552088,0,0,5,28,0,0,0.029167
126,72 St,72 St,Broadway - 7Av,M,313,72 St,313,123,1 2 3,40.778447,-73.981953,2,2,15,37,0.064548,0.087955,10100.528696,0,0,5,28,0,0,0.03456
127,66 St-Lincoln Center,66 St-Lincoln Center,Broadway - 7Av,M,314,66 St-Lincoln Center,314,124,1,40.773589,-73.982022,2,2,15,36,0.066861,0.093817,10310.524798,0,0,5,28,0,0,0.061546
505,62 St/New Utrecht Av,62 St/New Utrecht Av,Sea Beach,B,615,New Utrecht Av,73,N04,D N,40.625606,-73.99683,4,4,39,48,0.044123,0.072179,5214.564012,0.000081,0.000078,8,5,0,0,0.067785
129,50 St,50 St,Broadway - 7Av,M,316,50 St,316,126,1,40.761524,-73.984451,2,2,15,34,0.07078,0.10404,8060.302273,0.000003,0.000003,9,5,0,0,0.102332
131,34 St-Penn Station,34 St-Penn Station,Broadway - 7Av,M,318,34 St-Penn Station,318,128,1 2 3,40.749888,-73.991811,2,2,15,34,0.068674,0.100287,446.5,0.000005,0.000005,9,5,0,0,0.070612
132,28 St,28 St,Broadway - 7Av,M,319,28 St,319,129,1,40.746787,-73.993955,2,2,15,33,0.068868,0.09724,372.45,0.000009,0.000009,9,5,0,0,0.039308
133,23 St,23 St,Broadway - 7Av,M,320,23 St,320,130,1,40.744006,-73.995914,2,2,15,33,0.069247,0.098819,403.45,0.000038,0.000038,9,5,0,0,0.04209
134,18 St,18 St,Broadway - 7Av,M,321,18 St,321,131,1,40.741075,-73.998093,2,2,15,34,0.070716,0.106741,525.95,0.000164,0.000164,9,5,0,0,0.087117
136,Christopher St-Stonewall,Christopher St-Stonewall,Broadway - 7Av,M,323,Christopher St-Stonewall,323,133,1,40.733509,-74.003182,2,2,15,35,0.069817,0.106386,1341.568301,0.000166,0.000165,11,5,0,0,0.086849
137,Houston St,Houston St,Broadway - 7Av,M,324,Houston St,324,134,1,40.727826,-74.005649,2,2,15,36,0.065568,0.095579,980.234967,0.000044,0.000044,11,5,0,0,0.040481
138,Canal St,Canal St,Broadway - 7Av,M,325,Canal St,325,135,1,40.722962,-74.00663,2,2,15,37,0.062751,0.089959,713.790523,0.000039,0.000039,11,5,0,0,0.031504
139,Franklin St,Franklin St,Broadway - 7Av,M,326,Franklin St,326,136,1,40.718949,-74.007125,2,2,15,38,0.061042,0.088419,570.483333,0.000136,0.000134,11,5,0,0,0.03915
140,Chambers St,Chambers St,Broadway - 7Av,M,327,Chambers St,327,137,1 2 3,40.715553,-74.009494,3,3,15,39,0.060597,0.092076,556.833007,0.000575,0.000585,11,5,0,0,0.06996
141,WTC Cortlandt,WTC Cortlandt,Broadway - 7Av,M,328,WTC Cortlandt,328,138,1,40.711084,-74.012473,2,2,15,40,0.05801,0.084714,46.25,0.000562,0.000561,11,5,0,0,0.043934
142,Rector St,Rector St,Broadway - 7Av,M,329,Rector St,329,139,1,40.706493,-74.014319,2,2,15,40,0.058488,0.086902,142.426471,0.002004,0.001997,11,5,0,0,0.053519
144,57 St-7 Av,57 St-7 Av,Broadway - Brighton,M,9,57 St-7 Av,9,R14,N Q R W,40.764278,-73.981287,3,3,41,34,0.068759,0.101499,3538.516667,0.000003,0.000003,44,5,0,0,0.056743
145,49 St,49 St,Broadway - Brighton,M,10,49 St,10,R15,N R W,40.759483,-73.984847,2,2,42,33,0.070614,0.104513,3188.016667,0.000012,0.000012,44,5,0,0,0.061185
498,4 Av-9 St,4 Av-9 St,4th Av,B,608,4 Av-9 St,29,R33,F G R,40.670538,-73.988778,8,8,43,40,0.063209,0.102253,17156.855392,0.613618,0.567175,14,5,0,0,1
150,28 St,28 St,Broadway - Brighton,M,13,28 St,13,R18,R W,40.745509,-73.989051,2,2,44,33,0.071836,0.107025,459.745455,0.00005,0.000051,9,5,0,0,0.06555
151,23 St,23 St,Broadway - Brighton,M,14,23 St,14,R19,R W,40.741247,-73.989675,2,2,45,34,0.072155,0.109785,477.912121,0.000182,0.000176,9,5,0,0,0.084099
152,8 St-NYU,8 St-NYU,Broadway - Brighton,M,16,8 St-NYU,16,R21,R W,40.729778,-73.993262,2,2,46,36,0.071298,0.110916,4193.167904,0.000991,0.000937,9,5,0,0,0.087658
153,Prince St,Prince St,Broadway - Brighton,M,17,Prince St,17,R22,R W,40.724261,-73.997936,2,2,47,37,0.069867,0.109089,4082.667904,0.003544,0.003769,9,5,0,0,0.082246
154,DeKalb Av,DeKalb Av,Broadway - Brighton,B,26,DeKalb Av,26,R30,B Q R,40.691263,-73.98238,5,5,15,37,0.070207,0.122071,26040.652131,0.054838,0.058481,11,5,0,0,0.308211
156,7 Av,7 Av,Broadway - Brighton,B,41,7 Av,41,D25,B Q,40.677365,-73.972788,2,2,15,38,0.065923,0.103485,5264,0.013399,0.012563,11,5,0,0,0.09421
157,Prospect Park,Prospect Park,Broadway - Brighton,B,42,Prospect Park,42,D26,B Q S,40.662316,-73.962211,2,2,15,39,0.062112,0.092471,4901,0.002878,0.00307,11,5,0,0,0.040195
158,Parkside Av,Parkside Av,Broadway - Brighton,B,43,Parkside Av,43,D27,Q,40.654251,-73.961909,2,2,15,40,0.0587,0.084635,4536,0.000703,0.000659,6,5,0,0,0.028064
159,Church Av,Church Av,Broadway - Brighton,B,44,Church Av,44,D28,B Q,40.649458,-73.963357,2,2,15,41,0.055627,0.078584,4169,0.000151,0.000161,6,5,0,0,0.025746
160,Beverley Rd,Beverley Rd,Broadway - Brighton,B,45,Beverley Rd,45,D29,Q,40.644272,-73.964528,2,2,15,42,0.052846,0.073674,3800,0.000037,0.000035,6,5,0,0,0.025374
161,Cortelyou Rd,Cortelyou Rd,Broadway - Brighton,B,46,Cortelyou Rd,46,D30,Q,40.641314,-73.963996,2,2,15,43,0.050316,0.069553,3429,0.000008,0.000008,6,5,0,0,0.025324
162,Newkirk Plaza,Newkirk Plaza,Broadway - Brighton,B,47,Newkirk Plaza,47,D31,B Q,40.63505,-73.962739,2,2,15,44,0.048006,0.066001,3056,0.000002,0.000002,6,5,0,0,0.025319
163,Avenue H,Avenue H,Broadway - Brighton,B,48,Avenue H,48,D32,Q,40.62989,-73.961825,2,2,15,45,0.045888,0.062871,2681,0,0,6,5,0,0,0.025318
164,Avenue J,Avenue J,Broadway - Brighton,B,49,Avenue J,49,D33,Q,40.625347,-73.961007,2,2,15,46,0.043939,0.060056,2304,0,0,6,5,0,0,0.025317
165,Avenue M,Avenue M,Broadway - Brighton,B,50,Avenue M,50,D34,Q,40.618153,-73.959463,2,2,15,47,0.042139,0.057472,1925,0,0,6,5,0,0,0.025306
166,Kings Hwy,Kings Hwy,Broadway - Brighton,B,51,Kings Hwy,51,D35,B Q,40.609062,-73.957808,2,2,15,48,0.040473,0.05504,1544,0,0,6,5,0,0,0.025237
167,Avenue U,Avenue U,Broadway - Brighton,B,52,Avenue U,52,D37,Q,40.599023,-73.955856,2,2,15,49,0.038926,0.052679,1161,0,0,6,5,0,0,0.024873
168,Neck Rd,Neck Rd,Broadway - Brighton,B,53,Neck Rd,53,D38,Q,40.595052,-73.95513,2,2,15,50,0.037486,0.050273,776,0,0,6,5,0,0,0.023413
169,Sheepshead Bay,Sheepshead Bay,Broadway - Brighton,B,54,Sheepshead Bay,54,D39,B Q,40.585734,-73.954371,2,2,15,51,0.036141,0.047584,389,0,0,6,5,0,0,0.019175
170,Brighton Beach,Brighton Beach,Broadway - Brighton,B,55,Brighton Beach,55,D40,B Q,40.577594,-73.962138,1,1,15,52,0.034884,0.043736,0,0,0,6,5,0,0,0.010834
172,W 8 St-NY Aquarium,W 8 St-NY Aquarium,Broadway - Brighton,B,57,W 8 St-NY Aquarium,57,D42,F Q,40.575617,-73.976811,2,2,49,55,0.034434,0.053345,211.575523,0,0,8,5,0,0,0.032399
509,Canal St,Canal St,Broadway,M,623,Canal St,18,R23,6 J Z N Q R W,40.719499,-74.002272,5,5,15,37,0.070448,0.119,5869.401657,0.016324,0.015346,11,5,0,0,0.195419
493,34 St-Herald Sq,34 St-Herald Sq,Broadway - Brighton,M,602,34 St-Herald Sq,12,R17,B D F M N Q R W,40.748552,-73.988503,4,4,15,32,0.074088,0.117461,8812.140909,0.000054,0.000054,9,5,0,0,0.126355
176,3 Av,3 Av,Canarsie,M,118,3 Av,118,L05,L,40.733152,-73.987066,2,2,50,36,0.069161,0.106105,2246.027871,0.00018,0.000174,13,5,0,0,0.078648
177,1 Av,1 Av,Canarsie,M,119,1 Av,119,L06,L,40.73109,-73.982631,2,2,51,37,0.066587,0.09796,2023.677871,0.00004,0.000041,13,5,0,0,0.042301
178,Bedford Av,Bedford Av,Canarsie,B,120,Bedford Av,120,L08,L,40.717669,-73.957588,2,2,52,36,0.065912,0.095415,1925.983427,0.00001,0.000009,13,5,0,0,0.04308
180,Graham Av,Graham Av,Canarsie,B,122,Graham Av,122,L11,L,40.71463,-73.944568,2,2,53,36,0.063642,0.089165,5998.166667,0.000001,0.000001,13,5,0,0,0.040595
181,Grand St,Grand St,Canarsie,B,123,Grand St,123,L12,L,40.712196,-73.940665,2,2,54,37,0.060738,0.082882,5705.166667,0,0,13,5,0,0,0.029652
182,Montrose Av,Montrose Av,Canarsie,B,124,Montrose Av,124,L13,L,40.707743,-73.940102,2,2,55,38,0.058105,0.078262,5414.166667,0,0,13,5,0,0,0.026282
183,Morgan Av,Morgan Av,Canarsie,B,125,Morgan Av,125,L14,L,40.706119,-73.933639,2,2,56,39,0.055706,0.074714,5125.166667,0,0,13,5,0,0,0.025489
184,Jefferson St,Jefferson St,Canarsie,B,126,Jefferson St,126,L15,L,40.707088,-73.923866,2,2,57,40,0.053513,0.07197,4838.166667,0,0,13,5,0,0,0.025347
185,DeKalb Av,DeKalb Av,Canarsie,B,127,DeKalb Av,127,L16,L,40.704353,-73.919463,2,2,58,41,0.051499,0.069903,4555.666667,0,0,13,5,0,0,0.025358
186,Myrtle-Wyckoff Avs,Myrtle-Wyckoff Avs,Canarsie,Q,630,Myrtle-Wyckoff Avs,128,L17,M L,40.699798,-73.911353,2,2,59,42,0.050013,0.068783,4328.666667,0,0,10,5,0,0,0.025579
187,Halsey St,Halsey St,Canarsie,B,129,Halsey St,129,L19,L,40.695999,-73.905269,2,2,60,43,0.04894,0.068601,4173.166667,0,0,10,5,0,0,0.026802
188,Wilson Av,Wilson Av,Canarsie,B,130,Wilson Av,130,L20,L,40.688805,-73.904741,2,2,61,44,0.048574,0.06998,4083.666667,0,0,10,5,0,0,0.032076
189,Bushwick Av-Aberdeen St,Bushwick Av-Aberdeen St,Canarsie,B,131,Bushwick Av-Aberdeen St,131,L21,L,40.682323,-73.905155,2,2,62,45,0.048441,0.073198,4102.833333,0,0,10,5,0,0,0.049681
190,Atlantic Av,Atlantic Av,Canarsie,B,133,Atlantic Av,133,L24,L,40.675561,-73.902974,2,2,63,47,0.047016,0.071612,1925,0,0,10,5,0,0,0.049669
191,Sutter Av,Sutter Av,Canarsie,B,134,Sutter Av,134,L25,L,40.668527,-73.901765,2,2,64,48,0.044952,0.065951,1544,0,0,10,5,0,0,0.031995
192,Livonia Av,Livonia Av,Canarsie,B,135,Livonia Av,135,L26,L,40.663873,-73.900525,2,2,65,49,0.043051,0.061604,1161,0,0,10,5,0,0,0.026357
193,New Lots Av,New Lots Av,Canarsie,B,136,New Lots Av,136,L27,L,40.659003,-73.899315,2,2,66,50,0.041296,0.057818,776,0,0,10,5,0,0,0.023674
194,East 105 St,East 105 St,Canarsie,B,137,East 105 St,137,L28,L,40.651462,-73.899191,2,2,67,51,0.03967,0.054102,389,0,0,10,5,0,0,0.019213
195,Canarsie-Rockaway Pkwy,Canarsie-Rockaway Pkwy,Canarsie,B,138,Canarsie-Rockaway Pkwy,138,L29,L,40.645585,-73.902541,1,1,68,52,0.03816,0.049457,0,0,0,10,5,0,0,0.010838
196,Chambers St/WTC/Park Place/Cortlandt St,Chambers St/WTC/Park Place/Cortlandt St,Clark St,M,624,Park Place,331,228,2 3 A C E R W,40.712707,-74.007751,4,4,15,39,0.062261,0.09962,685.335901,0.001989,0.001946,11,5,0,0,0.11295
198,Wall St,Wall St,Clark St,M,333,Wall St,333,230,2 3,40.706352,-74.009644,2,2,15,40,0.059469,0.089356,9.444444,0.002277,0.002279,11,5,0,0,0.065339
199,Clark St,Clark St,Clark St,B,334,Clark St,334,231,2 3,40.697613,-73.993388,2,2,15,39,0.061915,0.09506,184.580439,0.008173,0.008201,11,5,0,0,0.105149
200,Borough Hall/Court St,Borough Hall/Court St,Clark St,B,620,Borough Hall,335,232,2 3 4 5 R,40.693735,-73.990626,6,6,15,38,0.065878,0.110843,2442.023075,0.0354,0.03527,11,5,0,0,0.319702
201,Norwood-205 St,Norwood-205 St,Concourse,Bx,210,Norwood-205 St,210,D01,D,40.875079,-73.879601,1,1,15,50,0.037299,0.049032,0,0,0,12,4,0,0,0.011543
202,Bedford Park Blvd,Bedford Park Blvd,Concourse,Bx,211,Bedford Park Blvd,211,D03,B D,40.872488,-73.887916,2,2,15,49,0.03874,0.053948,389,0,0,12,4,0,0,0.022847
203,Kingsbridge Rd,Kingsbridge Rd,Concourse,Bx,212,Kingsbridge Rd,212,D04,B D,40.866369,-73.894521,2,2,15,48,0.040289,0.058278,776,0,0,12,4,0,0,0.038835
204,Fordham Rd,Fordham Rd,Concourse,Bx,213,Fordham Rd,213,D05,B D,40.861401,-73.898098,3,3,15,47,0.041958,0.063877,1161,0,0,12,4,0.333333,1,0.079924
205,182-183 Sts,182-183 Sts,Concourse,Bx,214,182-183 Sts,214,D06,B D,40.856026,-73.901154,2,2,15,47,0.041945,0.061954,0,0,0,12,4,1,1,0.06862
206,Tremont Av,Tremont Av,Concourse,Bx,215,Tremont Av,215,D07,B D,40.849864,-73.906084,4,4,15,46,0.043756,0.070036,2497,0,0,12,4,0.166667,1,0.1331
207,174-175 Sts,174-175 Sts,Concourse,Bx,216,174-175 Sts,216,D08,B D,40.844937,-73.911126,2,2,15,47,0.041945,0.062253,199.5,0,0,12,4,0,0,0.05574
208,170 St,170 St,Concourse,Bx,217,170 St,217,D09,B D,40.838655,-73.914187,2,2,15,48,0.040277,0.057637,4.5,0,0,12,4,0,0,0.034797
209,167 St,167 St,Concourse,Bx,218,167 St,218,D10,B D,40.833111,-73.919399,2,2,15,47,0.041899,0.060269,192,0,0,12,4,0,0,0.038748
211,155 St,155 St,Concourse,M,220,155 St,220,D12,B D,40.830313,-73.936687,2,2,15,46,0.043707,0.065421,574.5,0,0,12,4,0,0,0.078475
212,Greenpoint Av,Greenpoint Av,Crosstown,B,283,Greenpoint Av,28,G26,G,40.730615,-73.954245,2,2,69,33,0.066315,0.094662,6771.188889,0,0,13,5,0,0,0.037963
214,21 St,21 St,Crosstown,Q,282,21 St,282,G24,G,40.744638,-73.949111,2,2,70,32,0.066293,0.098772,6839.222222,0,0,13,5,0,0,0.058805
215,Nassau Av,Nassau Av,Crosstown,B,284,Nassau Av,284,G28,G,40.725467,-73.951972,2,2,71,34,0.066542,0.094564,6791.188889,0.000001,0.000001,13,5,0,0,0.042286
515,Whitehall St-South Ferry,Whitehall St-South Ferry,Broadway,M,635,Whitehall St-South Ferry,23,R27,1 R W,40.70415,-74.013331,3,3,15,39,0.061993,0.097899,677.545798,0.008614,0.008643,11,5,0,0,0.126034
217,Broadway,Broadway,Crosstown,B,286,Broadway,286,G30,G,40.705515,-73.95054,2,2,72,36,0.063539,0.089231,1544.61676,0.000002,0.000002,13,5,0,0,0.040595
218,Flushing Av,Flushing Av,Crosstown,B,287,Flushing Av,287,G31,G,40.699582,-73.950164,2,2,73,37,0.061004,0.083436,1289.61676,0.000005,0.000004,13,5,0,0,0.029656
219,Myrtle-Willoughby Avs,Myrtle-Willoughby Avs,Crosstown,B,288,Myrtle-Willoughby Avs,288,G32,G,40.695456,-73.949467,2,2,74,38,0.058957,0.079701,1085.557937,0.000019,0.00002,13,5,0,0,0.026315
220,Bedford-Nostrand Avs,Bedford-Nostrand Avs,Crosstown,B,289,Bedford-Nostrand Avs,289,G33,G,40.689563,-73.954999,2,2,75,39,0.058105,0.078209,979.691176,0.000086,0.000082,13,5,0,0,0.025726
221,Classon Av,Classon Av,Crosstown,B,290,Classon Av,290,G34,G,40.688958,-73.960222,2,2,76,40,0.057735,0.078517,940.216573,0.000359,0.000375,13,5,0,0,0.0268
222,Clinton-Washington Avs,Clinton-Washington Avs,Crosstown,B,291,Clinton-Washington Avs,291,G35,G,40.687875,-73.967931,2,2,77,41,0.058287,0.081094,996.549907,0.001638,0.001566,13,5,0,0,0.032781
223,Fulton St,Fulton St,Crosstown,B,292,Fulton St,292,G36,G,40.687181,-73.976859,2,2,78,41,0.059752,0.085963,1160.716573,0.006836,0.007148,14,5,0,0,0.057394
224,Eastchester-Dyre Av,Eastchester-Dyre Av,Dyre Av,Bx,442,Eastchester-Dyre Av,442,501,5,40.88798,-73.831195,1,1,79,58,0.031237,0.041481,0,0,0,33,28,0,0,0.010866
225,Baychester Av,Baychester Av,Dyre Av,Bx,443,Baychester Av,443,502,5,40.879519,-73.837958,2,2,80,57,0.032242,0.04534,389,0,0,33,28,0,0,0.019421
226,Gun Hill Rd,Gun Hill Rd,Dyre Av,Bx,444,Gun Hill Rd,444,503,5,40.870117,-73.845869,2,2,81,56,0.033308,0.048118,776,0,0,33,28,0,0,0.024948
227,Pelham Pkwy,Pelham Pkwy,Dyre Av,Bx,445,Pelham Pkwy,445,504,5,40.858817,-73.855524,2,2,82,55,0.03444,0.050766,1161,0,0,33,28,0,0,0.032892
228,Morris Park,Morris Park,Dyre Av,Bx,446,Morris Park,446,505,5,40.854544,-73.860248,2,2,83,54,0.035646,0.053727,1544,0,0,33,28,0,0,0.060631
229,Hoyt St,Hoyt St,Eastern Pky,B,336,Hoyt St,336,233,2 3,40.690972,-73.985448,4,4,15,39,0.062681,0.096791,13.355556,0.041118,0.039553,11,5,0,0,0.286914
230,Nevins St,Nevins St,Eastern Pky,B,337,Nevins St,337,234,2 3 4 5,40.688244,-73.980636,3,3,15,39,0.063446,0.098072,88.850267,0.055456,0.059177,11,5,0,0,0.246897
508,14 St/8 Av,14 St/8 Av,8th Av - Fulton St,M,618,14 St,166,A31,A C E L,40.739965,-74.002678,3,3,15,33,0.0743,0.115489,15313.555051,0.000505,0.000514,9,5,0.333333,1,0.15028
232,Bergen St,Bergen St,Eastern Pky,B,339,Bergen St,339,236,2 3,40.680842,-73.975566,3,3,15,39,0.063746,0.098895,7400,0.050114,0.054101,15,27,0,0,0.201622
233,Grand Army Plaza,Grand Army Plaza,Eastern Pky,B,340,Grand Army Plaza,340,237,2 3,40.675159,-73.971217,4,4,15,40,0.060288,0.090257,7049,0.029457,0.027283,15,27,0,0,0.180013
234,Eastern Pkwy-Brooklyn Museum,Eastern Pkwy-Brooklyn Museum,Eastern Pky,B,341,Eastern Pkwy-Brooklyn Museum,341,238,2 3,40.671789,-73.964301,3,3,15,41,0.057168,0.084454,6696,0.012556,0.013558,15,27,0,0,0.133986
236,Nostrand Av,Nostrand Av,Eastern Pky,B,343,Nostrand Av,343,248,3,40.669752,-73.950798,3,3,15,43,0.051669,0.074653,3429,0.000891,0.000963,15,27,0,0,0.120666
237,Kingston Av,Kingston Av,Eastern Pky,B,344,Kingston Av,344,249,3,40.669289,-73.942463,4,4,15,44,0.049236,0.069888,3056,0.000524,0.000485,15,27,0,0,0.13934
238,Crown Hts-Utica Av,Crown Hts-Utica Av,Eastern Pky,B,345,Crown Hts-Utica Av,345,250,3 4,40.668851,-73.934236,3,3,15,45,0.047011,0.066002,2681,0.000222,0.00024,15,27,0,0,0.103284
239,Sutter Av-Rutland Rd,Sutter Av-Rutland Rd,Eastern Pky,B,346,Sutter Av-Rutland Rd,346,251,3,40.664887,-73.923109,2,2,15,46,0.044967,0.062661,2304,0.000055,0.000051,15,27,0,0,0.046474
240,Saratoga Av,Saratoga Av,Eastern Pky,B,347,Saratoga Av,347,252,3,40.661401,-73.915543,2,2,15,47,0.043084,0.059686,1925,0.000012,0.000013,15,27,0,0,0.030157
241,Rockaway Av,Rockaway Av,Eastern Pky,B,348,Rockaway Av,348,253,3,40.662721,-73.909048,2,2,15,48,0.041344,0.056954,1544,0.000003,0.000003,15,27,0,0,0.02616
242,Junius St,Junius St,Eastern Pky,B,349,Junius St,349,254,3,40.663359,-73.903118,2,2,15,49,0.039731,0.054355,1161,0.000001,0.000001,15,27,0,0,0.025019
243,Pennsylvania Av,Pennsylvania Av,Eastern Pky,B,350,Pennsylvania Av,350,255,3,40.664589,-73.894112,2,2,15,50,0.038232,0.051756,776,0,0,15,27,0,0,0.023432
244,Van Siclen Av,Van Siclen Av,Eastern Pky,B,351,Van Siclen Av,351,256,3,40.665763,-73.88861,2,2,15,51,0.036834,0.048906,389,0,0,15,27,0,0,0.019177
245,New Lots Av,New Lots Av,Eastern Pky,B,352,New Lots Av,352,257,3,40.666438,-73.8833,1,1,15,52,0.035529,0.044924,0,0,0,15,27,0,0,0.010834
247,Flushing-Main St,Flushing-Main St,Flushing,Q,447,Flushing-Main St,447,701,7,40.759597,-73.830417,1,1,84,38,0.049942,0.067008,0,0,0,16,5,0,0,0.023568
248,Mets-Willets Point,Mets-Willets Point,Flushing,Q,448,Mets-Willets Point,448,702,7,40.754715,-73.845912,3,3,85,37,0.052561,0.076293,582.5,0,0,16,5,0,0,0.06307
249,111 St,111 St,Flushing,Q,449,111 St,449,705,7,40.75161,-73.856065,2,2,86,38,0.049955,0.068717,1,0,0,16,5,0,0,0.042955
250,103 St-Corona Plaza,103 St-Corona Plaza,Flushing,Q,450,103 St-Corona Plaza,450,706,7,40.749964,-73.862588,2,2,87,37,0.052546,0.074584,193.5,0,0,16,5,0,0,0.052979
251,Junction Blvd,Junction Blvd,Flushing,Q,451,Junction Blvd,451,707,7,40.74924,-73.869662,4,4,88,36,0.055437,0.08505,1737,0,0,16,5,0,0,0.104751
252,90 St-Elmhurst Av,90 St-Elmhurst Av,Flushing,Q,452,90 St-Elmhurst Av,452,708,7,40.748601,-73.876595,2,2,89,37,0.052546,0.074584,2.5,0,0,16,5,0,0,0.057841
253,82 St-Jackson Hts,82 St-Jackson Hts,Flushing,Q,453,82 St-Jackson Hts,453,709,7,40.74782,-73.884032,2,2,90,36,0.055374,0.080349,192,0,0,16,5,0,0,0.061795
255,69 St,69 St,Flushing,Q,455,69 St,455,711,7,40.746148,-73.896396,2,2,91,34,0.061758,0.093104,8200.5,0,0,16,5,0,0,0.063667
256,61 St-Woodside,61 St-Woodside,Flushing,Q,456,61 St-Woodside,456,712,7,40.745531,-73.903292,2,2,92,33,0.065283,0.099121,8541.5,0,0,16,5,0,0,0.065505
267,Hunters Point Av,Hunters Point Av,Flushing,Q,463,Hunters Point Av,463,720,7,40.74252,-73.948619,2,2,97,33,0.066519,0.099325,84.666667,0,0,9,5,0,0,0.065154
268,Vernon Blvd-Jackson Av,Vernon Blvd-Jackson Av,Flushing,Q,464,Vernon Blvd-Jackson Av,464,721,7,40.742606,-73.954253,2,2,98,34,0.068098,0.10184,204.05,0.000002,0.000002,9,5,0,0,0.065246
500,Grand Central-42 St,Grand Central-42 St,Flushing,M,610,Grand Central-42 St,465,723,4 5 6 7 S,40.750894,-73.975117,4,4,15,34,0.071903,0.116163,11058.631818,0.000007,0.000007,9,5,0,0,0.139113
271,34 St-Hudson Yards,34 St-Hudson Yards,Flushing,M,471,34 St-Hudson Yards,471,726,7,40.754904,-74.001323,1,1,99,34,0.068433,0.096791,0,0.000003,0.000003,9,5,0,0,0.055261
513,Fulton St,Fulton St,Clark St,M,628,Fulton St,332,229,2 3 4 5 A C J Z,40.708935,-74.006975,4,4,15,39,0.062211,0.098552,429.894678,0.002298,0.002258,11,5,0,0,0.107936
512,Franklin Av,Franklin Av,8th Av - Fulton St,B,627,Franklin Av,178,A45,C S,40.681256,-73.95559,2,2,15,43,0.054431,0.076042,3608.886364,0.000359,0.000375,10,5,0,0,0.02678
288,Chauncey St,Chauncey St,Jamaica,B,93,Chauncey St,93,J28,J Z,40.683335,-73.911394,2,2,113,45,0.049249,0.074495,6308.44697,0,0,10,5,0,0,0.049681
289,Halsey St,Halsey St,Jamaica,B,94,Halsey St,94,J29,J,40.68587,-73.915813,2,2,114,44,0.05018,0.072544,6465.94697,0,0,10,5,0,0,0.032076
290,Gates Av,Gates Av,Jamaica,B,95,Gates Av,95,J30,J Z,40.690043,-73.92317,2,2,115,43,0.051979,0.072938,6726.19697,0,0,10,5,0,0,0.026802
291,Kosciuszko St,Kosciuszko St,Jamaica,B,96,Kosciuszko St,96,J31,J,40.692935,-73.928247,2,2,116,42,0.054039,0.074537,7009.94697,0,0,10,5,0,0,0.025583
292,Myrtle Av,Myrtle Av,Jamaica,B,97,Myrtle Av,97,M11,M J Z,40.697028,-73.935583,2,2,117,41,0.056285,0.077036,7297.94697,0.000001,0.000001,10,5,0,0,0.025387
293,Flushing Av,Flushing Av,Jamaica,B,98,Flushing Av,98,M12,M J,40.700627,-73.942019,2,2,118,40,0.058744,0.08048,7587.94697,0.000006,0.000006,10,5,0,0,0.025559
294,Lorimer St,Lorimer St,Jamaica,B,99,Lorimer St,99,M13,M J,40.704293,-73.94833,2,2,119,39,0.061446,0.085068,7879.94697,0.000025,0.000025,10,5,0,0,0.026773
295,Hewes St,Hewes St,Jamaica,B,100,Hewes St,100,M14,M J,40.707149,-73.954427,2,2,120,38,0.064431,0.091219,8173.94697,0.000108,0.000107,11,5,0,0,0.032747
296,Marcy Av,Marcy Av,Jamaica,B,101,Marcy Av,101,M16,M J Z,40.708681,-73.958927,2,2,15,37,0.067744,0.099849,8469.94697,0.000468,0.000472,11,5,0,0,0.057051
511,Franklin Av-Medgar Evers College/Botanic Garden,Franklin Av-Medgar Evers College/Botanic Garden,Eastern Pky,B,626,Franklin Av-Medgar Evers College,342,239,2 3 4 5 S,40.670347,-73.957973,3,3,15,42,0.05434,0.081326,6411,0.003375,0.003126,15,27,0,0,0.116799
303,Woodlawn,Woodlawn,Jerome Av,Bx,378,Woodlawn,378,401,4,40.886819,-73.878376,1,1,15,56,0.031592,0.040823,0,0,0,32,28,0,0,0.010834
304,Mosholu Pkwy,Mosholu Pkwy,Jerome Av,Bx,379,Mosholu Pkwy,379,402,4,40.879561,-73.885158,2,2,15,55,0.03262,0.044472,389,0,0,32,28,0,0,0.019175
305,Bedford Park Blvd-Lehman College,Bedford Park Blvd-Lehman College,Jerome Av,Bx,380,Bedford Park Blvd-Lehman College,380,405,4,40.873571,-73.889878,2,2,15,54,0.033711,0.046941,776,0,0,32,28,0,0,0.023413
306,Kingsbridge Rd,Kingsbridge Rd,Jerome Av,Bx,381,Kingsbridge Rd,381,406,4,40.867606,-73.897418,2,2,15,53,0.034871,0.049104,1161,0,0,32,28,0,0,0.024873
307,Fordham Rd,Fordham Rd,Jerome Av,Bx,382,Fordham Rd,382,407,4,40.862562,-73.901367,2,2,15,52,0.036108,0.051195,1544,0,0,32,28,0,0,0.025237
308,183 St,183 St,Jerome Av,Bx,383,183 St,383,408,4,40.858502,-73.9041,2,2,15,51,0.037428,0.05333,1925,0,0,32,28,0,0,0.025306
309,Burnside Av,Burnside Av,Jerome Av,Bx,384,Burnside Av,384,409,4,40.853342,-73.907957,2,2,15,50,0.038841,0.055588,2304,0,0,32,28,0,0,0.025318
310,176 St,176 St,Jerome Av,Bx,385,176 St,385,410,4,40.848385,-73.912003,2,2,15,49,0.040356,0.058047,2681,0,0,32,28,0,0,0.025334
311,Mt Eden Av,Mt Eden Av,Jerome Av,Bx,386,Mt Eden Av,386,411,4,40.844702,-73.91465,2,2,15,48,0.041985,0.0608,3056,0,0,32,28,0,0,0.025438
312,170 St,170 St,Jerome Av,Bx,387,170 St,387,412,4,40.83996,-73.918018,2,2,15,47,0.043742,0.063979,3429,0,0,32,28,0,0,0.026064
313,167 St,167 St,Jerome Av,Bx,388,167 St,388,413,4,40.835759,-73.921561,2,2,15,46,0.045641,0.0678,3800,0,0,40,28,0,0,0.029157
495,168 St-Washington Hts,168 St-Washington Hts,8th Av - Fulton St,M,605,168 St,148,A09,1 A C,40.841874,-73.939572,4,4,15,48,0.042609,0.070731,6369.682126,0,0,4,28,0,0,0.06964
315,149 St-Grand Concourse,149 St-Grand Concourse,Jerome Av,Bx,603,149 St-Grand Concourse,390,415,2 4 5,40.818259,-73.927659,3,3,15,44,0.049942,0.080009,8521.006915,0,0,40,28,0,0,0.086697
316,138 St-Grand Concourse,138 St-Grand Concourse,Jerome Av,Bx,391,138 St-Grand Concourse,391,416,4 5,40.813339,-73.929999,2,2,15,43,0.051195,0.079153,7042.223581,0,0,40,28,0,0,0.051645
317,Wakefield-241 St,Wakefield-241 St,Lenox - White Plains Rd,Bx,416,Wakefield-241 St,416,201,2,40.903215,-73.850401,1,1,15,63,0.027159,0.036021,0,0,0,33,28,0,0,0.010834
318,Nereid Av,Nereid Av,Lenox - White Plains Rd,Bx,417,Nereid Av,417,204,2 5,40.898259,-73.854346,2,2,15,62,0.027915,0.039327,389,0,0,33,28,0,0,0.019175
319,233 St,233 St,Lenox - White Plains Rd,Bx,418,233 St,418,205,2 5,40.893622,-73.85741,2,2,15,61,0.02871,0.041413,776,0,0,33,28,0,0,0.023413
320,225 St,225 St,Lenox - White Plains Rd,Bx,419,225 St,419,206,2 5,40.888018,-73.860513,2,2,15,60,0.029548,0.043146,1161,0,0,33,28,0,0,0.024874
321,219 St,219 St,Lenox - White Plains Rd,Bx,420,219 St,420,207,2 5,40.883798,-73.862837,2,2,15,59,0.030431,0.044753,1544,0,0,33,28,0,0,0.025241
322,Gun Hill Rd,Gun Hill Rd,Lenox - White Plains Rd,Bx,421,Gun Hill Rd,421,208,2 5,40.877639,-73.866522,2,2,15,58,0.031363,0.046338,1925,0,0,33,28,0,0,0.025339
323,Burke Av,Burke Av,Lenox - White Plains Rd,Bx,422,Burke Av,422,209,2 5,40.871631,-73.867283,2,2,15,57,0.032349,0.047975,2304,0,0,33,28,0,0,0.025562
324,Allerton Av,Allerton Av,Lenox - White Plains Rd,Bx,423,Allerton Av,423,210,2 5,40.865605,-73.867476,2,2,15,56,0.033393,0.049735,2681,0,0,33,28,0,0,0.026853
325,Pelham Pkwy,Pelham Pkwy,Lenox - White Plains Rd,Bx,424,Pelham Pkwy,424,211,2 5,40.856429,-73.867745,2,2,15,55,0.034501,0.051726,3056,0,0,33,28,0,0,0.033336
326,Bronx Park East,Bronx Park East,Lenox - White Plains Rd,Bx,425,Bronx Park East,425,212,2 5,40.848726,-73.868439,2,2,15,54,0.035678,0.054177,3429,0,0,33,28,0,0,0.060711
327,E 180 St,E 180 St,Lenox - White Plains Rd,Bx,426,E 180 St,426,213,2 5,40.841223,-73.873499,4,4,15,53,0.036932,0.057957,5675,0,0,33,28,0,0,0.161873
328,West Farms Sq-E Tremont Av,West Farms Sq-E Tremont Av,Lenox - White Plains Rd,Bx,427,West Farms Sq-E Tremont Av,427,214,2 5,40.840456,-73.880004,4,4,15,52,0.038232,0.057602,5984,0,0,33,28,0,0,0.225722
329,174 St,174 St,Lenox - White Plains Rd,Bx,428,174 St,428,215,2 5,40.837345,-73.88803,4,4,15,51,0.039618,0.058648,6341,0,0,33,28,0,0,0.257482
330,Freeman St,Freeman St,Lenox - White Plains Rd,Bx,429,Freeman St,429,216,2 5,40.830407,-73.892005,4,4,15,50,0.0411,0.060308,6696,0,0,33,28,0,0,0.269995
331,Simpson St,Simpson St,Lenox - White Plains Rd,Bx,430,Simpson St,430,217,2 5,40.823884,-73.893197,4,4,15,49,0.042688,0.062456,7049,0,0,33,28,0,0,0.273368
332,Intervale Av,Intervale Av,Lenox - White Plains Rd,Bx,431,Intervale Av,431,218,2 5,40.822465,-73.89674,4,4,15,48,0.044394,0.065132,7400,0,0,33,28,0,0,0.271575
333,Prospect Av,Prospect Av,Lenox - White Plains Rd,Bx,432,Prospect Av,432,219,2 5,40.819614,-73.901995,4,4,15,47,0.04623,0.068507,7749,0,0,33,28,0,0,0.262367
334,Jackson Av,Jackson Av,Lenox - White Plains Rd,Bx,433,Jackson Av,433,220,2 5,40.816248,-73.907954,4,4,15,46,0.048214,0.072994,8096,0,0,33,28,0,0,0.236973
335,3 Av-149 St,3 Av-149 St,Lenox - White Plains Rd,Bx,434,3 Av-149 St,434,221,2 5,40.816033,-73.918064,4,4,15,45,0.050362,0.079938,11205.641763,0,0,33,28,0,0,0.181399
336,Harlem-148 St,Harlem-148 St,Lenox - White Plains Rd,M,436,Harlem-148 St,436,301,3,40.824084,-73.936986,1,1,15,46,0.046462,0.062682,0,0,0,5,28,0,0,0.014456
337,145 St,145 St,Lenox - White Plains Rd,M,437,145 St,437,302,3,40.820343,-73.936508,2,2,15,45,0.04872,0.069967,389,0,0,5,28,0,0,0.035121
338,135 St,135 St,Lenox - White Plains Rd,M,438,135 St,438,224,2 3,40.814032,-73.94112,3,3,15,44,0.051195,0.078285,9060.843278,0,0,5,28,0,0,0.082126
339,125 St,125 St,Lenox - White Plains Rd,M,439,125 St,439,225,2 3,40.807697,-73.945752,2,2,15,43,0.052831,0.076316,9071.693278,0,0,5,28,0,0,0.041291
340,116 St,116 St,Lenox - White Plains Rd,M,440,116 St,440,226,2 3,40.801945,-73.949943,2,2,15,42,0.054721,0.076878,9323.193278,0,0,5,28,0,0,0.03105
341,Central Park North (110 St),Central Park North (110 St),Lenox - White Plains Rd,M,441,Central Park North (110 St),441,227,2 3,40.798509,-73.952665,2,2,15,41,0.056752,0.078943,9578.193278,0,0,5,28,0,0,0.033124
342,125 St,125 St,Lexington Av,M,392,125 St,392,621,4 5 6,40.804262,-73.937656,3,3,15,42,0.052582,0.082454,12332.077427,0,0,40,28,0,0,0.060707
343,116 St,116 St,Lexington Av,M,393,116 St,393,622,6,40.798475,-73.941887,2,2,15,41,0.053912,0.078995,10900.923522,0,0,44,28,0,0,0.036428
344,110 St,110 St,Lexington Av,M,394,110 St,394,623,6,40.794815,-73.944614,2,2,15,40,0.055327,0.078226,11096.894327,0,0,44,28,0,0,0.028188
345,103 St,103 St,Lexington Av,M,395,103 St,395,624,6,40.790295,-73.947857,2,2,15,39,0.057001,0.079004,11304.870935,0,0,44,28,0,0,0.025944
346,96 St,96 St,Lexington Av,M,396,96 St,396,625,6,40.785874,-73.951277,2,2,15,38,0.058797,0.080954,11514.867037,0,0,44,28,0,0,0.025625
347,86 St,86 St,Lexington Av,M,397,86 St,397,626,4 5 6,40.779504,-73.955917,2,2,15,37,0.060729,0.084118,11744.335905,0,0,44,28,0,0,0.026557
348,77 St,77 St,Lexington Av,M,398,77 St,398,627,6,40.77371,-73.960209,2,2,15,36,0.06324,0.089052,11995.806722,0,0,44,28,0,0,0.031274
349,68 St-Hunter College,68 St-Hunter College,Lexington Av,M,399,68 St-Hunter College,399,628,6,40.767816,-73.964375,2,2,15,35,0.065968,0.09632,12250.806722,0,0,44,28,0,0,0.048918
504,59 St-Columbus Circle,59 St-Columbus Circle,8th Av - Fulton St,M,614,59 St-Columbus Circle,161,A24,1 A C B D,40.766771,-73.983366,5,5,15,35,0.06937,0.104578,20832.940206,0.000002,0.000002,9,5,0,0,0.154162
353,33 St,33 St,Lexington Av,M,403,33 St,403,632,6,40.74587,-73.982638,2,2,15,33,0.07152,0.10622,6316.415152,0.00001,0.00001,9,5,0,0,0.059737
354,28 St,28 St,Lexington Av,M,404,28 St,404,633,6,40.743333,-73.98438,2,2,15,33,0.071784,0.104874,6329.081818,0.00004,0.000041,9,5,0,0,0.045536
355,23 St,23 St,Lexington Av,M,405,23 St,405,634,6,40.739497,-73.987106,2,2,15,34,0.072222,0.109297,6362.081818,0.00018,0.000174,9,5,0,0,0.07916
494,161 St-Yankee Stadium,161 St-Yankee Stadium,Concourse,Bx,604,161 St-Yankee Stadium,219,D11,4 B D,40.827471,-73.92625,2,2,15,45,0.047701,0.072703,4169,0,0,40,28,0,0,0.041849
357,Astor Pl,Astor Pl,Lexington Av,M,407,Astor Pl,407,636,6,40.730019,-73.991452,2,2,15,36,0.07287,0.115664,4417.137745,0.001356,0.001313,9,5,0,0,0.131481
358,Broadway-Lafayette St/Bleecker St,Broadway-Lafayette St/Bleecker St,Lexington Av,M,619,Bleecker St,408,637,6 B D F M,40.724915,-73.995288,6,6,15,35,0.075014,0.127024,30445.787041,0.005273,0.005445,11,5,0.066667,1,0.245153
359,Spring St,Spring St,Lexington Av,M,409,Spring St,409,638,6,40.722408,-73.997477,2,2,15,36,0.071311,0.113618,1215.415809,0.004525,0.004701,11,5,0,0,0.124337
510,Delancey St-Essex St,Delancey St-Essex St,6th Av - Culver,M,625,Delancey St-Essex St,233,F15,F M J Z,40.718383,-73.988442,4,4,15,36,0.071442,0.113707,11888.785659,0.002061,0.002043,11,5,0.166667,1,0.142442
361,Brooklyn Bridge-City Hall/Chambers St,Brooklyn Bridge-City Hall/Chambers St,Lexington Av,M,622,Brooklyn Bridge-City Hall,411,640,4 5 6 J Z,40.711896,-74.005192,2,2,15,38,0.06599,0.102978,757.839122,0.003832,0.004054,11,5,0,0,0.090934
514,Metropolitan Av/Lorimer St,Metropolitan Av/Lorimer St,Canarsie,B,629,Lorimer St,121,L10,G L,40.71421,-73.949313,4,4,123,35,0.066861,0.099094,8460.305649,0.000003,0.000003,13,5,0,0,0.067992
363,Wall St,Wall St,Lexington Av,M,413,Wall St,413,419,4 5,40.707287,-74.012239,2,2,15,40,0.059469,0.089356,9.444444,0.002277,0.002279,11,5,0,0,0.065339
364,Bowling Green,Bowling Green,Lexington Av,M,414,Bowling Green,414,420,4 5,40.704837,-74.014596,2,2,15,39,0.061915,0.09506,184.580439,0.008173,0.008201,11,5,0,0,0.105149
502,Lexington Av/51-53 Sts,Lexington Av/51-53 Sts,Lexington Av,M,612,51 St,401,630,6 E M,40.756723,-73.972565,4,4,15,33,0.07185,0.116956,20156.962277,0.000002,0.000002,9,5,0,0,0.146388
501,Times Sq-42 St/Port Authority Bus Terminal,Times Sq-42 St/Port Authority Bus Terminal,8th Av - Fulton St,M,611,42 St-Port Authority Bus Terminal,163,A27,1 2 3 7 A C E N Q R W S,40.755997,-73.991042,6,6,15,33,0.073446,0.116857,17442.571212,0.000013,0.000013,9,5,0,0,0.179445
367,Grant Av,Grant Av,Liberty Av,B,189,Grant Av,189,A57,A,40.676813,-73.865464,2,2,15,51,0.040452,0.059971,7400,0,0,10,5,0,0,0.026425
368,80 St,80 St,Liberty Av,Q,190,80 St,190,A59,A,40.679384,-73.860301,2,2,15,52,0.039031,0.058664,7049,0,0,10,5,0,0,0.030284
369,88 St,88 St,Liberty Av,Q,191,88 St,191,A60,A,40.680005,-73.850432,2,2,15,53,0.037699,0.058195,6696,0,0,10,5,0,0,0.043656
370,Rockaway Blvd,Rockaway Blvd,Liberty Av,Q,192,Rockaway Blvd,192,A61,A,40.680331,-73.845164,4,4,15,54,0.036449,0.059997,6383,0,0,45,5,0.166667,1,0.080105
371,104 St,104 St,Liberty Av,Q,193,104 St,193,A63,A,40.682151,-73.836841,2,2,15,55,0.035183,0.05392,776,0,0,45,5,0,0,0.041832
372,111 St,111 St,Liberty Av,Q,194,111 St,194,A64,A,40.684111,-73.832889,2,2,15,56,0.033996,0.04975,389,0,0,45,5,0,0,0.024145
373,Ozone Park-Lefferts Blvd,Ozone Park-Lefferts Blvd,Liberty Av,Q,195,Ozone Park-Lefferts Blvd,195,A65,A,40.68589,-73.827081,1,1,15,57,0.032881,0.045085,0,0,0,45,5,0,0,0.011878
380,President St-Medgar Evers College,President St-Medgar Evers College,Nostrand,B,353,President St-Medgar Evers College,353,241,2 5,40.668179,-73.950866,3,3,15,43,0.051628,0.074456,2304,0.000912,0.000985,15,27,0,0,0.147947
381,Sterling St,Sterling St,Nostrand,B,354,Sterling St,354,242,2 5,40.663316,-73.951047,4,4,15,44,0.049162,0.069477,1925,0.000574,0.000531,15,27,0,0,0.210427
382,Winthrop St,Winthrop St,Nostrand,B,355,Winthrop St,355,243,2 5,40.656171,-73.950346,4,4,15,45,0.046909,0.065339,1544,0.000309,0.000334,15,27,0,0,0.243685
383,Church Av,Church Av,Nostrand,B,356,Church Av,356,244,2 5,40.650907,-73.94982,4,4,15,46,0.044843,0.061674,1161,0.000193,0.000179,15,27,0,0,0.250199
384,Beverly Rd,Beverly Rd,Nostrand,B,357,Beverly Rd,357,245,2 5,40.645033,-73.949252,4,4,15,47,0.042942,0.058229,776,0.000102,0.00011,15,27,0,0,0.230164
385,Newkirk Av-Little Haiti,Newkirk Av-Little Haiti,Nostrand,B,358,Newkirk Av-Little Haiti,358,246,2 5,40.639894,-73.948676,4,4,15,48,0.041187,0.054691,389,0.000059,0.000055,15,27,0,0,0.180014
386,Flatbush Av-Brooklyn College,Flatbush Av-Brooklyn College,Nostrand,B,359,Flatbush Av-Brooklyn College,359,247,2 5,40.633281,-73.94793,2,2,15,49,0.039562,0.050136,0,0.000024,0.000026,15,27,0,0,0.099678
387,Pelham Bay Park,Pelham Bay Park,Pelham,Bx,360,Pelham Bay Park,360,601,6,40.852803,-73.827195,1,1,130,51,0.036074,0.046611,0,0,0,40,28,0,0,0.010836
388,Buhre Av,Buhre Av,Pelham,Bx,361,Buhre Av,361,602,6,40.846891,-73.832639,2,2,131,50,0.037421,0.050919,389,0,0,40,28,0,0,0.019191
389,Middletown Rd,Middletown Rd,Pelham,Bx,362,Middletown Rd,362,603,6,40.843609,-73.836478,2,2,132,49,0.038864,0.054211,776,0,0,40,28,0,0,0.023524
390,Westchester Sq-E Tremont Av,Westchester Sq-E Tremont Av,Pelham,Bx,363,Westchester Sq-E Tremont Av,363,604,6,40.840128,-73.842875,2,2,133,48,0.040415,0.057441,1161,0,0,40,28,0,0,0.025531
391,Zerega Av,Zerega Av,Pelham,Bx,364,Zerega Av,364,606,6,40.83664,-73.846713,2,2,134,47,0.042085,0.060998,1544,0,0,40,28,0,0,0.028403
392,Castle Hill Av,Castle Hill Av,Pelham,Bx,365,Castle Hill Av,365,607,6,40.834093,-73.851857,2,2,135,46,0.043889,0.065358,1925,0,0,40,28,0,0,0.037517
393,Parkchester,Parkchester,Pelham,Bx,366,Parkchester,366,608,6,40.833237,-73.860891,3,3,136,45,0.045845,0.071845,2874.5,0,0,40,28,0,0,0.063252
394,St Lawrence Av,St Lawrence Av,Pelham,Bx,367,St Lawrence Av,367,609,6,40.83148,-73.867429,2,2,137,46,0.04386,0.064656,200.5,0,0,40,28,0,0,0.037723
395,Morrison Av-Soundview,Morrison Av-Soundview,Pelham,Bx,368,Morrison Av-Soundview,368,610,6,40.829517,-73.87486,2,2,138,47,0.042039,0.059976,5,0,0,40,28,0,0,0.029635
396,Elder Av,Elder Av,Pelham,Bx,369,Elder Av,369,611,6,40.82846,-73.879362,2,2,139,46,0.043801,0.063125,191.5,0,0,40,28,0,0,0.031383
397,Whitlock Av,Whitlock Av,Pelham,Bx,370,Whitlock Av,370,612,6,40.827298,-73.886256,2,2,140,45,0.04578,0.068686,573.5,0,0,40,28,0,0,0.045684
398,Hunts Point Av,Hunts Point Av,Pelham,Bx,371,Hunts Point Av,371,613,6,40.820614,-73.891519,4,4,141,44,0.047947,0.077903,4929,0,0,40,28,0,0,0.08634
399,Longwood Av,Longwood Av,Pelham,Bx,372,Longwood Av,372,614,6,40.81633,-73.896489,2,2,142,45,0.045785,0.0689,398,0,0,40,28,0,0,0.045592
400,E 149 St,E 149 St,Pelham,Bx,373,E 149 St,373,615,6,40.81236,-73.904164,2,2,143,46,0.04381,0.063467,14,0,0,40,28,0,0,0.030849
401,E 143 St-St Mary's St,E 143 St-St Mary's St,Pelham,Bx,374,E 143 St-St Mary's St,374,616,6,40.80806,-73.908076,2,2,144,46,0.043756,0.062313,3,0,0,40,28,0,0,0.027212
402,Cypress Av,Cypress Av,Pelham,Bx,375,Cypress Av,375,617,6,40.8052,-73.913966,2,2,145,45,0.045667,0.065766,376,0,0,40,28,0,0,0.029168
403,Brook Av,Brook Av,Pelham,Bx,376,Brook Av,376,618,6,40.807467,-73.919448,2,2,146,44,0.047818,0.071329,760,0,0,40,28,0,0,0.039763
404,3 Av-138 St,3 Av-138 St,Pelham,Bx,377,3 Av-138 St,377,619,6,40.810712,-73.92705,3,3,147,43,0.05018,0.07985,6366,0,0,40,28,0,0,0.071172
408,Jamaica-179 St,Jamaica-179 St,Queens Blvd,Q,254,Jamaica-179 St,254,F01,F,40.712483,-73.785064,1,1,15,48,0.033746,0.042354,0,0,0,16,5,0,0,0.010834
409,169 St,169 St,Queens Blvd,Q,255,169 St,255,F02,F,40.710167,-73.794913,2,2,15,47,0.034921,0.046094,389,0,0,16,5,0,0,0.019175
410,Parsons Blvd,Parsons Blvd,Queens Blvd,Q,256,Parsons Blvd,256,F03,F,40.707063,-73.80462,2,2,15,46,0.036175,0.048663,776,0,0,16,5,0,0,0.023413
411,Sutphin Blvd,Sutphin Blvd,Queens Blvd,Q,257,Sutphin Blvd,257,F04,F,40.704917,-73.811958,2,2,15,45,0.037514,0.050935,1161,0,0,16,5,0,0,0.024873
412,Briarwood,Briarwood,Queens Blvd,Q,258,Briarwood,258,F05,E F,40.708952,-73.820177,2,2,15,44,0.038949,0.053145,1544,0,0,16,5,0,0,0.025237
413,Kew Gardens-Union Tpke,Kew Gardens-Union Tpke,Queens Blvd,Q,259,Kew Gardens-Union Tpke,259,F06,E F,40.714673,-73.832151,2,2,15,43,0.04049,0.055408,1925,0,0,16,5,0,0,0.025306
414,75 Av,75 Av,Queens Blvd,Q,260,75 Av,260,F07,E F,40.718623,-73.83829,2,2,15,42,0.042148,0.057805,2304,0,0,16,5,0,0,0.025317
415,Forest Hills-71 Av,Forest Hills-71 Av,Queens Blvd,Q,261,Forest Hills-71 Av,261,G08,E F M R,40.722281,-73.845153,2,2,15,41,0.043939,0.060413,2681,0,0,16,5,0,0,0.025323
416,67 Av,67 Av,Queens Blvd,Q,262,67 Av,262,G09,M R,40.726619,-73.853537,2,2,15,40,0.045877,0.063322,3056,0,0,16,5,0,0,0.025359
417,63 Dr-Rego Park,63 Dr-Rego Park,Queens Blvd,Q,263,63 Dr-Rego Park,263,G10,M R,40.729967,-73.862746,2,2,15,39,0.047982,0.066653,3429,0,0,16,5,0,0,0.025607
418,Woodhaven Blvd,Woodhaven Blvd,Queens Blvd,Q,264,Woodhaven Blvd,264,G11,M R,40.733374,-73.870998,2,2,15,38,0.050277,0.070593,3800,0,0,16,5,0,0,0.027003
419,Grand Av-Newtown,Grand Av-Newtown,Queens Blvd,Q,265,Grand Av-Newtown,265,G12,M R,40.737508,-73.877416,2,2,15,37,0.052788,0.075486,4169,0,0,16,5,0,0,0.033287
420,Elmhurst Av,Elmhurst Av,Queens Blvd,Q,266,Elmhurst Av,266,G13,M R,40.742794,-73.883034,2,2,15,36,0.055548,0.082105,4536,0,0,16,5,0,0,0.055682
507,Atlantic Av-Barclays Ctr,Atlantic Av-Barclays Ctr,4th Av,B,617,Atlantic Av-Barclays Ctr,27,R31,2 3 4 5 B D N Q R,40.683905,-73.978879,5,5,15,38,0.067603,0.113135,21204.075359,0.189633,0.175689,14,5,0,0,0.452169
422,65 St,65 St,Queens Blvd,Q,268,65 St,268,G15,M R,40.749155,-73.897499,2,2,15,36,0.055421,0.081546,258.5,0,0,16,5,0,0,0.055687
423,Northern Blvd,Northern Blvd,Queens Blvd,Q,269,Northern Blvd,269,G16,M R,40.753099,-73.907123,2,2,15,37,0.052575,0.074517,58,0,0,16,5,0,0,0.033328
424,46 St,46 St,Queens Blvd,Q,270,46 St,270,G18,M R,40.756634,-73.914411,2,2,15,36,0.055108,0.077005,218.5,0,0,16,5,0,0,0.027298
425,Steinway St,Steinway St,Queens Blvd,Q,271,Steinway St,271,G19,M R,40.756583,-73.921108,2,2,15,35,0.057898,0.080965,559.5,0,0,16,5,0,0,0.02734
426,36 St,36 St,Queens Blvd,Q,272,36 St,272,G20,M R,40.75187,-73.93049,2,2,15,34,0.060985,0.086622,910.5,0,0,16,5,0,0,0.033678
427,Queens Plaza,Queens Plaza,Queens Blvd,Q,273,Queens Plaza,273,G21,E M R,40.748679,-73.938476,2,2,15,33,0.064849,0.096319,1281.5,0,0,16,5,0,0,0.057871
503,Lexington Av/59 St,Lexington Av/59 St,Astoria,M,613,Lexington Av/59 St,7,R11,4 5 6 N R W,40.762091,-73.966358,4,4,15,34,0.068941,0.108573,14823.640055,0.000001,0.000001,44,5,0,0,0.103305
430,5 Av/53 St,5 Av/53 St,Queens Blvd,M,276,5 Av/53 St,276,F12,E M,40.760639,-73.976486,2,2,15,34,0.070232,0.106447,3624.913792,0.000001,0.000001,9,5,0,0,0.077524
431,7 Av,7 Av,Queens Blvd,M,277,7 Av,277,D14,E B D,40.763207,-73.982668,2,2,15,35,0.069544,0.102006,4186.33854,0.000001,0.000001,9,5,0,0,0.078642
432,Aqueduct Racetrack,Aqueduct Racetrack,Rockaway,Q,196,Aqueduct Racetrack,196,H01,A,40.672299,-73.83559,2,2,15,55,0.035211,0.054198,0,0,0,45,5,1,1,0.055217
433,Aqueduct-N Conduit Av,Aqueduct-N Conduit Av,Rockaway,Q,197,Aqueduct-N Conduit Av,197,H02,A,40.669362,-73.834842,3,3,15,55,0.035249,0.056965,4536,0,0,45,5,0.333333,1,0.068147
434,Howard Beach-JFK Airport,Howard Beach-JFK Airport,Rockaway,Q,198,Howard Beach-JFK Airport,198,H03,A,40.660484,-73.830536,2,2,15,56,0.034118,0.054265,4169,0,0,45,5,0,0,0.045206
435,Broad Channel,Broad Channel,Rockaway,Q,199,Broad Channel,199,H04,A S,40.608063,-73.815982,3,3,15,57,0.033051,0.054019,3824,0,0,45,5,0,0,0.047246
436,Beach 90 St,Beach 90 St,Rockaway,Q,200,Beach 90 St,200,H12,A S,40.588015,-73.814118,2,2,15,58,0.032012,0.049709,1161,0,0,45,5,0,0,0.032641
437,Beach 98 St,Beach 98 St,Rockaway,Q,201,Beach 98 St,201,H13,A S,40.585281,-73.820464,2,2,15,59,0.031031,0.046669,776,0,0,45,5,0,0,0.0256
438,Beach 105 St,Beach 105 St,Rockaway,Q,202,Beach 105 St,202,H14,A S,40.583187,-73.827388,2,2,15,60,0.030104,0.043756,389,0,0,45,5,0,0,0.01966
439,Rockaway Park-Beach 116 St,Rockaway Park-Beach 116 St,Rockaway,Q,203,Rockaway Park-Beach 116 St,203,H15,A S,40.580547,-73.837414,1,1,15,61,0.029227,0.039864,0,0,0,45,5,0,0,0.010918
440,Beach 67 St,Beach 67 St,Rockaway,Q,204,Beach 67 St,204,H06,A,40.590744,-73.797789,2,2,15,58,0.032022,0.050069,1925,0,0,45,5,0,0,0.033062
441,Beach 60 St,Beach 60 St,Rockaway,Q,205,Beach 60 St,205,H07,A,40.59249,-73.789406,2,2,15,59,0.031051,0.047478,1544,0,0,45,5,0,0,0.027422
442,Beach 44 St,Beach 44 St,Rockaway,Q,206,Beach 44 St,206,H08,A,40.593091,-73.775987,2,2,15,60,0.030132,0.045287,1161,0,0,45,5,0,0,0.025358
443,Beach 36 St,Beach 36 St,Rockaway,Q,207,Beach 36 St,207,H09,A,40.595521,-73.768271,2,2,15,61,0.029262,0.043169,776,0,0,45,5,0,0,0.023499
444,Beach 25 St,Beach 25 St,Rockaway,Q,208,Beach 25 St,208,H10,A,40.599728,-73.761969,2,2,15,62,0.028436,0.040808,389,0,0,45,5,0,0,0.019188
445,Far Rockaway-Mott Av,Far Rockaway-Mott Av,Rockaway,Q,209,Far Rockaway-Mott Av,209,H11,A,40.604657,-73.754178,1,1,15,63,0.027652,0.037297,0,0,0,45,5,0,0,0.010835
446,8 Av,8 Av,Sea Beach,B,71,8 Av,71,N02,N,40.634552,-74.010726,2,2,151,47,0.04578,0.069408,511.046512,0.000256,0.000277,8,5,0,0,0.036969
447,Fort Hamilton Pkwy,Fort Hamilton Pkwy,Sea Beach,B,72,Fort Hamilton Pkwy,72,N03,N,40.632179,-74.006658,2,2,152,48,0.044033,0.06802,172.062016,0.000077,0.000073,8,5,0,0,0.042606
449,18 Av,18 Av,Sea Beach,B,74,18 Av,74,N05,N,40.621306,-73.991469,2,2,153,49,0.042401,0.065486,2283.069767,0.000018,0.000019,8,5,0,0,0.040586
450,20 Av,20 Av,Sea Beach,B,75,20 Av,75,N06,N,40.617341,-73.98484,2,2,154,50,0.040816,0.061665,1926.069767,0.000004,0.000004,8,5,0,0,0.029665
451,Bay Pkwy,Bay Pkwy,Sea Beach,B,76,Bay Pkwy,76,N07,N,40.612989,-73.982084,2,2,155,51,0.039354,0.058976,1571.069767,0.000001,0.000001,8,5,0,0,0.026367
452,Kings Hwy,Kings Hwy,Sea Beach,B,77,Kings Hwy,77,N08,N,40.605107,-73.980578,2,2,156,52,0.038001,0.056998,1218.069767,0,0,8,5,0,0,0.025958
453,Avenue U,Avenue U,Sea Beach,B,78,Avenue U,78,N09,N,40.598512,-73.979335,2,2,157,53,0.036744,0.055619,867.069767,0,0,8,5,0,0,0.027415
454,86 St,86 St,Sea Beach,B,79,86 St,79,N10,N,40.592752,-73.978238,2,2,158,54,0.035574,0.054948,518.069767,0,0,8,5,0,0,0.032402
455,Coney Island-Stillwell Av,Coney Island-Stillwell Av,Sea Beach / West End / Culver / Brighton,B,58,Coney Island-Stillwell Av,58,D43,D F N Q,40.576456,-73.981244,3,3,159,55,0.034483,0.055774,248.575523,0,0,8,5,0,0,0.043948
456,96 St,96 St,Second Av,M,475,96 St,475,Q05,Q,40.78306,-73.947757,1,1,160,38,0.054047,0.067915,0,0,0,44,5,0,0,0.010923
457,86 St,86 St,Second Av,M,476,86 St,476,Q04,Q,40.776063,-73.952852,2,2,161,37,0.057126,0.075103,389,0,0,44,5,0,0,0.019703
458,72 St,72 St,Second Av,M,477,72 St,477,Q03,Q,40.766962,-73.959589,2,2,162,36,0.060559,0.082085,776,0,0,44,5,0,0,0.025913
480,9 Av,9 Av,West End,B,59,9 Av,59,B12,D,40.646402,-73.994475,2,2,184,44,0.052007,0.077089,6362.494245,0.021478,0.019842,8,5,0,0,0.06651
481,Fort Hamilton Pkwy,Fort Hamilton Pkwy,West End,B,60,Fort Hamilton Pkwy,60,B13,D,40.640185,-73.994423,2,2,185,45,0.049732,0.073057,6019.494245,0.004545,0.004921,8,5,0,0,0.034992
482,50 St,50 St,West End,B,61,50 St,61,B14,D,40.636282,-73.994899,2,2,186,46,0.047683,0.070621,5682.494245,0.001129,0.001042,8,5,0,0,0.031261
483,55 St,55 St,West End,B,62,55 St,62,B15,D,40.631529,-73.995626,2,2,187,47,0.045828,0.069863,5351.494245,0.000244,0.000263,8,5,0,0,0.040833
506,Jackson Hts-Roosevelt Av/74 St-Broadway,Jackson Hts-Roosevelt Av/74 St-Broadway,Flushing,Q,616,74 St-Broadway,454,710,7 E F M R,40.747116,-73.891415,5,5,15,35,0.058594,0.093285,8043,0,0,16,5,0,0,0.120519
485,71 St,71 St,West End,B,64,71 St,64,B17,D,40.619153,-73.99925,2,2,188,49,0.042359,0.06528,2207.501997,0.000018,0.000019,8,5,0,0,0.040585
486,79 St,79 St,West End,B,65,79 St,65,B18,D,40.612874,-74.000887,2,2,189,50,0.040774,0.061398,1848.517501,0.000004,0.000004,8,5,0,0,0.029654
487,18 Av,18 Av,West End,B,66,18 Av,66,B19,D,40.607723,-74.001894,2,2,190,51,0.039311,0.058624,1491.533004,0.000001,0.000001,8,5,0,0,0.026295
488,20 Av,20 Av,West End,B,67,20 Av,67,B20,D,40.604631,-73.998498,2,2,191,52,0.037956,0.056517,1136.548508,0,0,8,5,0,0,0.025573
489,Bay Pkwy,Bay Pkwy,West End,B,68,Bay Pkwy,68,B21,D,40.601993,-73.99413,2,2,192,53,0.036699,0.054925,783.586563,0,0,8,5,0,0,0.025812
490,25 Av,25 Av,West End,B,69,25 Av,69,B22,D,40.597952,-73.987442,2,2,193,54,0.035529,0.053826,432.727977,0,0,8,5,0,0,0.027394
491,Bay 50 St,Bay 50 St,West End,B,70,Bay 50 St,70,B23,D,40.588305,-73.983791,2,2,194,55,0.034437,0.05337,84.172422,0,0,8,5,0,0,0.032399
521,"14 St-Union Sq ",,,M,602,,117,"R20 ","4 5 6 L N Q R W ",40.734755,-73.990991,6,6,15,35,0.073682,0.123958,9704.047568,0.00076,0.000784,9,5,0,0,0.211838
